numeric literals,Macro,language/api.html#numeric-literals
string literals,Macro,language/api.html#string-literals
keywords,Macro,language/api.html#keywords
.,Macro,language/api.html#id1
-&gt;,Macro,language/api.html#id2
-&gt;&gt;,Macro,language/api.html#id3
apply,Macro,language/api.html#apply
and,Macro,language/api.html#and
as-&gt;,Macro,language/api.html#as
assert,Macro,language/api.html#assert
assoc,Macro,language/api.html#assoc
break,Macro,language/api.html#break
cond,Macro,language/api.html#cond
continue,Macro,language/api.html#continue
dict-comp,Macro,language/api.html#dict-comp
do,Macro,language/api.html#do
def / setv,Macro,language/api.html#def-setv
defclass,Macro,language/api.html#defclass
defn,Macro,language/api.html#defn
defmain,Macro,language/api.html#defmain
defmacro,Macro,language/api.html#defmacro
defmacro/g!,Macro,language/api.html#defmacro-g
defmacro!,Macro,language/api.html#id7
deftag,Macro,language/api.html#deftag
del,Macro,language/api.html#del
doto,Macro,language/api.html#doto
eval-and-compile,Macro,language/api.html#eval-and-compile
eval-when-compile,Macro,language/api.html#eval-when-compile
first,Macro,language/api.html#first
for,Macro,language/api.html#for
genexpr,Macro,language/api.html#genexpr
gensym,Macro,language/api.html#gensym
get,Macro,language/api.html#get
global,Macro,language/api.html#global
if / if* / if-not,Macro,language/api.html#if-if-if-not
lif and lif-not,Macro,language/api.html#lif-and-lif-not
import,Macro,language/api.html#import
fn,Macro,language/api.html#fn
last,Macro,language/api.html#last
list-comp,Macro,language/api.html#list-comp
nonlocal,Macro,language/api.html#nonlocal
not,Macro,language/api.html#not
or,Macro,language/api.html#or
print,Macro,language/api.html#print
quasiquote,Macro,language/api.html#quasiquote
quote,Macro,language/api.html#quote
require,Macro,language/api.html#require
rest,Macro,language/api.html#rest
set-comp,Macro,language/api.html#set-comp
cut,Macro,language/api.html#cut
raise,Macro,language/api.html#raise
try,Macro,language/api.html#try
unless,Macro,language/api.html#unless
unquote,Macro,language/api.html#unquote
unquote-splice,Macro,language/api.html#unquote-splice
when,Macro,language/api.html#when
while,Macro,language/api.html#while
with,Macro,language/api.html#with
with-decorator,Macro,language/api.html#with-decorator
with-gensyms,Macro,language/api.html#with-gensyms
xor,Macro,language/api.html#xor
yield,Macro,language/api.html#yield
yield-from,Macro,language/api.html#yield-from
ap-if,Macro,extra/anaphoric.html#ap-if
ap-each,Macro,extra/anaphoric.html#ap-each
ap-each-while,Macro,extra/anaphoric.html#ap-each-while
ap-map,Macro,extra/anaphoric.html#ap-map
ap-map-when,Macro,extra/anaphoric.html#ap-map-when
ap-filter,Macro,extra/anaphoric.html#ap-filter
ap-reject,Macro,extra/anaphoric.html#ap-reject
ap-dotimes,Macro,extra/anaphoric.html#ap-dotimes
ap-first,Macro,extra/anaphoric.html#ap-first
ap-last,Macro,extra/anaphoric.html#ap-last
ap-reduce,Macro,extra/anaphoric.html#ap-reduce
ap-pipe,Macro,extra/anaphoric.html#ap-pipe
ap-compose,Macro,extra/anaphoric.html#ap-compose
xi,Macro,extra/anaphoric.html#xi
butlast,Function,language/core.html#butlast
coll?,Function,language/core.html#coll
comp,Function,language/core.html#comp
complement,Function,language/core.html#complement
cons,Function,language/core.html#cons
cons?,Function,language/core.html#id3
constantly,Function,language/core.html#constantly
dec,Function,language/core.html#dec
disassemble,Function,language/core.html#disassemble
empty?,Function,language/core.html#empty
eval,Function,language/core.html#eval
every?,Function,language/core.html#every
float?,Function,language/core.html#float
fraction,Function,language/core.html#fraction
even?,Function,language/core.html#even
identity,Function,language/core.html#identity-fn
inc,Function,language/core.html#inc
instance?,Function,language/core.html#instance
integer?,Function,language/core.html#integer
interleave,Function,language/core.html#interleave
interpose,Function,language/core.html#interpose
iterable?,Function,language/core.html#iterable
iterator?,Function,language/core.html#iterator
juxt,Function,language/core.html#juxt
keyword,Function,language/core.html#keyword
keyword?,Function,language/core.html#id5
list*,Function,language/core.html#list
macroexpand,Function,language/core.html#macroexpand
macroexpand-1,Function,language/core.html#macroexpand-1
merge-with,Function,language/core.html#merge-with
name,Function,language/core.html#name
neg?,Function,language/core.html#neg
none?,Function,language/core.html#none
nth,Function,language/core.html#nth
numeric?,Function,language/core.html#numeric
odd?,Function,language/core.html#odd
partition,Function,language/core.html#partition
pos?,Function,language/core.html#pos
second,Function,language/core.html#second
some,Function,language/core.html#some
string?,Function,language/core.html#string
symbol?,Function,language/core.html#symbol
zero?,Function,language/core.html#zero
cycle,Function,language/core.html#cycle
distinct,Function,language/core.html#distinct
drop,Function,language/core.html#drop
drop-last,Function,language/core.html#drop-last
drop-while,Function,language/core.html#drop-while
filter,Function,language/core.html#filter
flatten,Function,language/core.html#flatten
iterate,Function,language/core.html#iterate
read,Function,language/core.html#read
read-str,Function,language/core.html#read-str
remove,Function,language/core.html#remove
repeat,Function,language/core.html#repeat
repeatedly,Function,language/core.html#repeatedly
take,Function,language/core.html#take
take-nth,Function,language/core.html#take-nth
take-while,Function,language/core.html#take-while
hy,Command,language/cli.html#hy
hyc,Command,language/cli.html#hyc
hy2py,Command,language/cli.html#hy2py
names,Function,extra/reserved.html#names
loop,Macro,contrib/loop.html#loop
defn,Macro,contrib/multi.html#defn
defmulti,Macro,contrib/multi.html#id1
profile/calls,Macro,contrib/profile.html#profile-cpu
profile/cpu,Macro,contrib/profile.html#id2
seq,Macro,contrib/sequences.html#seq
defseq,Macro,contrib/sequences.html#defseq
end-sequence,Macro,contrib/sequences.html#end-sequence
walk,Function,contrib/walk.html#id1
postwalk,Function,contrib/walk.html#postwalk
prewalk,Function,contrib/walk.html#prewalk
hy-repr,Function,contrib/hy_repr.html#hy-repr
